species_id,identifier,evolves_from_species_id,evolution_chain_id,evolution_min_level,height,weight,color,shape,habitat_id,capture_rate,growth_rate_id,base_experience
1,bulbasaur,,1,16,7,69,green,quadruped,3,45,4,64
2,ivysaur,1,1,32,10,130,green,quadruped,3,45,4,142
3,venusaur,2,1,16,20,1000,green,quadruped,3,45,4,236
4,charmander,,2,36,6,85,red,upright,4,45,4,62
5,charmeleon,4,2,16,11,190,red,upright,4,45,4,142
6,charizard,5,2,36,17,905,red,upright,4,45,4,240
7,squirtle,,3,7,5,90,blue,upright,9,45,4,63
8,wartortle,7,3,10,10,225,blue,upright,9,45,4,142
9,blastoise,8,3,7,16,855,blue,upright,9,45,4,239
10,caterpie,,4,10,3,29,green,armor,2,255,2,39
11,metapod,10,4,18,7,99,green,squiggle,2,120,2,72
12,butterfree,11,4,36,11,320,white,bug-wings,2,45,2,178
13,weedle,,5,20,3,32,brown,armor,2,255,2,39
14,kakuna,13,5,20,6,100,yellow,squiggle,2,120,2,72
15,beedrill,14,5,22,10,295,yellow,bug-wings,2,45,2,178
16,pidgey,,6,,3,18,brown,wings,2,255,4,50
17,pidgeotto,16,6,,11,300,brown,wings,2,120,4,122
18,pidgeot,17,6,22,15,395,brown,wings,2,45,4,216
19,rattata,,7,16,3,35,purple,quadruped,3,255,2,51
20,raticate,19,7,,7,185,brown,quadruped,3,127,2,145
21,spearow,,8,16,3,20,brown,wings,6,255,2,52
22,fearow,21,8,,12,380,brown,wings,6,90,2,155
23,ekans,,9,,20,69,purple,squiggle,3,255,2,58
24,arbok,23,9,,35,650,purple,squiggle,3,90,2,157
25,pikachu,172,10,,4,60,yellow,quadruped,2,190,2,112
26,raichu,25,10,,8,300,yellow,upright,2,75,2,218
27,sandshrew,,11,,6,120,yellow,upright,6,255,2,60
28,sandslash,27,11,22,10,295,yellow,upright,6,90,2,158
29,nidoran-f,,12,21,4,70,blue,quadruped,3,235,4,55
30,nidorina,29,12,,8,200,blue,quadruped,3,120,4,128
31,nidoqueen,30,12,24,13,600,blue,upright,3,45,4,227
32,nidoran-m,,13,31,5,90,purple,quadruped,3,235,4,55
33,nidorino,32,13,26,9,195,purple,quadruped,3,120,4,128
34,nidoking,33,13,28,14,620,purple,upright,3,45,4,227
35,clefairy,173,14,33,6,75,pink,upright,4,150,3,113
36,clefable,35,14,28,13,400,pink,upright,4,25,3,217
37,vulpix,,15,,6,99,brown,quadruped,3,190,2,60
38,ninetales,37,15,25,11,199,yellow,quadruped,3,75,2,177
39,jigglypuff,174,16,,5,55,pink,humanoid,3,170,3,95
40,wigglytuff,39,16,16,10,120,pink,humanoid,3,50,3,196
41,zubat,,17,,8,75,purple,wings,1,255,2,49
42,golbat,41,17,28,16,550,purple,wings,1,90,2,159
43,oddish,,18,,5,54,blue,legs,3,255,4,64
44,gloom,43,18,21,8,86,blue,humanoid,3,120,4,138
45,vileplume,44,18,,12,186,red,humanoid,3,45,4,221
46,paras,,19,30,3,54,red,armor,2,190,2,57
47,parasect,46,19,25,10,295,red,armor,2,75,2,142
48,venonat,,20,,10,300,purple,humanoid,2,190,2,61
49,venomoth,48,20,40,15,125,purple,bug-wings,2,75,2,158
50,diglett,,21,37,2,8,brown,blob,1,255,2,53
51,dugtrio,50,21,30,7,333,brown,heads,1,50,2,149
52,meowth,,22,31,4,42,yellow,quadruped,8,255,2,58
53,persian,52,22,34,10,320,yellow,quadruped,8,90,2,154
54,psyduck,,23,38,8,196,yellow,upright,9,190,2,64
55,golduck,54,23,,17,766,blue,upright,9,75,2,175
56,mankey,,24,25,5,280,brown,upright,4,190,2,61
57,primeape,56,24,,10,320,brown,upright,4,75,2,159
58,growlithe,,25,26,7,190,brown,quadruped,3,190,1,70
59,arcanine,58,25,28,19,1550,brown,quadruped,3,75,1,194
60,poliwag,,26,30,6,124,blue,legs,9,255,4,60
61,poliwhirl,60,26,,10,200,blue,humanoid,9,120,4,135
62,poliwrath,61,26,28,13,540,blue,humanoid,9,45,4,230
63,abra,,27,20,9,195,brown,upright,8,200,4,62
64,kadabra,63,27,20,13,565,brown,upright,8,100,4,140
65,alakazam,64,27,35,15,480,brown,humanoid,8,50,4,225
66,machop,,28,42,8,195,gray,upright,4,180,4,61
67,machoke,66,28,,15,705,gray,humanoid,4,90,4,142
68,machamp,67,28,32,16,1300,gray,humanoid,4,45,4,227
69,bellsprout,,29,33,7,40,green,humanoid,2,255,4,60
70,weepinbell,69,29,,10,64,green,blob,2,120,4,137
71,victreebel,70,29,,17,155,green,blob,2,45,4,221
72,tentacool,,30,30,9,455,blue,tentacles,7,190,1,67
73,tentacruel,72,30,30,16,550,blue,tentacles,7,60,1,180
74,geodude,,31,30,4,200,brown,arms,4,255,4,60
75,graveler,74,31,20,10,1050,brown,humanoid,4,120,4,137
76,golem,75,31,,14,3000,brown,humanoid,4,45,4,223
77,ponyta,,32,,10,300,yellow,quadruped,3,190,2,82
78,rapidash,77,32,,17,950,yellow,quadruped,3,60,2,175
79,slowpoke,,33,40,12,360,pink,quadruped,9,190,2,63
80,slowbro,79,33,40,16,785,pink,upright,9,75,2,172
81,magnemite,,34,,3,60,gray,arms,6,190,2,65
82,magneton,81,34,30,10,600,gray,heads,6,60,2,163
83,farfetchd,,35,55,8,150,brown,wings,3,45,2,132
84,doduo,,36,16,14,392,brown,legs,3,190,2,62
85,dodrio,84,36,32,18,852,brown,legs,3,45,2,165
86,seel,,37,14,11,900,white,fish,7,190,2,65
87,dewgong,86,37,36,17,1200,white,fish,7,75,2,166
88,grimer,,38,18,9,300,purple,arms,8,190,2,65
89,muk,88,38,30,12,300,purple,arms,8,75,2,175
90,shellder,,39,15,3,40,purple,ball,7,190,1,61
91,cloyster,90,39,20,15,1325,purple,ball,7,60,1,184
92,gastly,,40,18,13,1,purple,ball,1,190,4,62
93,haunter,92,40,22,16,1,purple,arms,1,90,4,142
94,gengar,93,40,,15,405,purple,upright,1,45,4,225
95,onix,,41,27,88,2100,gray,squiggle,1,45,2,77
96,drowzee,,42,,10,324,yellow,humanoid,3,190,2,66
97,hypno,96,42,25,16,756,yellow,humanoid,3,75,2,169
98,krabby,,43,15,4,65,red,armor,9,225,2,65
99,kingler,98,43,30,13,600,red,armor,9,60,2,166
100,voltorb,,44,,5,104,red,ball,8,190,2,66
101,electrode,100,44,,12,666,red,ball,8,60,2,172
102,exeggcute,,45,18,4,25,pink,heads,2,90,1,65
103,exeggutor,102,45,,20,1200,yellow,legs,2,45,1,186
104,cubone,,46,,4,65,brown,upright,4,190,2,64
105,marowak,104,46,18,10,450,brown,upright,4,75,2,149
106,hitmonlee,236,47,27,15,498,brown,humanoid,8,45,2,159
107,hitmonchan,236,47,,14,502,brown,humanoid,8,45,2,159
108,lickitung,,48,20,12,655,pink,upright,3,45,2,77
109,koffing,,49,,6,10,purple,ball,8,190,2,68
110,weezing,109,49,,12,95,purple,heads,8,60,2,172
111,rhyhorn,,50,,10,1150,gray,quadruped,6,120,1,69
112,rhydon,111,50,15,19,1200,gray,upright,6,60,1,170
113,chansey,440,51,31,11,346,pink,upright,8,30,3,395
114,tangela,,52,,10,350,blue,legs,3,45,2,87
115,kangaskhan,,53,23,22,800,brown,upright,3,45,2,172
116,horsea,,54,,4,80,blue,blob,7,225,2,59
117,seadra,116,54,30,12,250,blue,blob,7,75,2,154
118,goldeen,,55,38,6,150,red,fish,9,225,2,64
119,seaking,118,55,33,13,390,red,fish,9,60,2,158
120,staryu,,56,25,8,345,brown,blob,7,225,1,68
121,starmie,120,56,,11,800,purple,blob,7,60,1,182
122,mr-mime,439,57,24,13,545,pink,humanoid,8,45,2,161
123,scyther,,58,,15,560,green,bug-wings,3,45,2,100
124,jynx,238,59,25,14,406,red,humanoid,8,45,2,159
125,electabuzz,239,60,,11,300,yellow,upright,3,45,2,172
126,magmar,240,61,20,13,445,red,upright,4,45,2,173
127,pinsir,,62,,15,550,brown,humanoid,2,45,1,175
128,tauros,,63,30,14,884,brown,quadruped,3,45,1,172
129,magikarp,,64,55,9,100,red,fish,9,255,1,40
130,gyarados,129,64,16,65,2350,blue,squiggle,9,45,1,189
131,lapras,,65,36,25,2200,blue,fish,7,45,1,187
132,ditto,,66,16,3,40,purple,ball,8,35,2,101
133,eevee,,67,36,3,65,brown,quadruped,8,45,2,65
134,vaporeon,133,67,16,10,290,blue,quadruped,8,45,2,184
135,jolteon,133,67,36,8,245,yellow,quadruped,8,45,2,184
136,flareon,133,67,18,9,250,red,quadruped,8,45,2,184
137,porygon,,68,20,8,365,pink,legs,8,45,2,79
138,omanyte,,69,7,4,75,blue,tentacles,7,45,2,71
139,omastar,138,69,10,10,350,blue,tentacles,7,45,2,173
140,kabuto,,70,7,5,115,brown,armor,7,45,2,71
141,kabutops,140,70,10,13,405,brown,upright,7,45,2,173
142,aerodactyl,,71,14,18,590,purple,wings,4,45,1,180
143,snorlax,446,72,,21,4600,black,humanoid,4,25,1,189
144,articuno,,73,14,17,554,blue,wings,5,3,1,261
145,zapdos,,74,,16,526,yellow,wings,5,3,1,261
146,moltres,,75,22,20,600,yellow,wings,5,3,1,261
147,dratini,,76,25,18,33,blue,squiggle,9,45,1,60
148,dragonair,147,76,20,40,165,blue,squiggle,9,45,1,147
149,dragonite,148,76,30,22,2100,brown,upright,9,45,1,270
150,mewtwo,,77,22,20,1220,purple,upright,5,3,1,306
151,mew,,78,23,4,40,pink,upright,5,45,4,270
152,chikorita,,79,18,9,64,green,quadruped,3,45,4,64
153,bayleef,152,79,36,12,158,green,quadruped,3,45,4,142
154,meganium,153,79,20,18,1005,green,quadruped,3,45,4,236
155,cyndaquil,,80,,5,79,yellow,humanoid,3,45,4,62
156,quilava,155,80,20,9,190,yellow,quadruped,3,45,4,142
157,typhlosion,156,80,40,17,795,yellow,quadruped,3,45,4,240
158,totodile,,81,24,6,95,blue,upright,9,45,4,63
159,croconaw,158,81,,11,250,blue,upright,9,45,4,142
160,feraligatr,159,81,32,23,888,blue,upright,9,45,4,239
161,sentret,,82,42,8,60,brown,quadruped,3,255,2,43
162,furret,161,82,37,18,325,brown,quadruped,3,90,2,145
163,hoothoot,,83,26,7,212,brown,wings,2,255,2,52
164,noctowl,163,83,,16,408,brown,wings,2,90,2,158
165,ledyba,,84,26,10,108,red,wings,2,255,3,53
166,ledian,165,84,30,14,356,red,wings,2,90,3,137
167,spinarak,,85,40,5,85,green,armor,2,255,3,50
168,ariados,167,85,33,11,335,red,armor,2,90,3,140
169,crobat,42,17,32,18,750,purple,bug-wings,1,90,2,241
170,chinchou,,86,35,5,120,blue,fish,7,190,1,66
171,lanturn,170,86,45,12,225,blue,fish,7,75,1,161
172,pichu,,10,32,3,20,yellow,quadruped,2,190,2,41
173,cleffa,,14,35,3,30,pink,upright,4,150,3,44
174,igglybuff,,16,30,3,10,pink,humanoid,3,170,3,42
175,togepi,,87,30,3,15,white,humanoid,2,190,3,49
176,togetic,175,87,36,6,32,white,humanoid,2,75,3,142
177,natu,,88,40,2,20,green,wings,2,190,2,64
178,xatu,177,88,40,15,150,green,wings,2,75,2,165
179,mareep,,89,,6,78,white,quadruped,3,235,4,56
180,flaaffy,179,89,37,8,133,pink,upright,3,120,4,128
181,ampharos,180,89,37,14,615,yellow,upright,3,45,4,230
182,bellossom,44,18,,4,58,green,humanoid,3,45,4,221
183,marill,298,90,42,4,85,blue,upright,9,190,3,88
184,azumarill,183,90,32,8,285,blue,upright,9,75,3,189
185,sudowoodo,438,91,44,12,380,brown,humanoid,2,65,2,144
186,politoed,61,26,,11,339,green,humanoid,9,45,4,225
187,hoppip,,92,,4,5,pink,upright,3,255,4,50
188,skiploom,187,92,30,6,10,green,upright,3,120,4,119
189,jumpluff,188,92,50,8,30,blue,upright,3,45,4,207
190,aipom,,93,20,8,115,purple,upright,2,45,3,72
191,sunkern,,94,45,3,18,yellow,ball,3,235,4,36
192,sunflora,191,94,18,8,85,yellow,humanoid,3,120,4,149
193,yanma,,95,32,12,380,red,bug-wings,2,75,2,78
194,wooper,,96,14,4,85,blue,legs,9,255,2,42
195,quagsire,194,96,36,14,750,blue,upright,9,90,2,151
196,espeon,133,67,16,9,265,purple,quadruped,8,45,2,184
197,umbreon,133,67,36,10,270,black,quadruped,8,45,2,184
198,murkrow,,97,14,5,21,black,wings,2,30,4,81
199,slowking,79,33,34,20,795,pink,upright,9,70,2,172
200,misdreavus,,98,15,7,10,gray,ball,1,45,3,87
201,unown,,99,10,5,50,black,ball,5,225,2,118
202,wobbuffet,360,100,15,13,285,blue,blob,1,45,2,142
203,girafarig,,101,30,15,415,yellow,quadruped,3,60,2,159
204,pineco,,102,,6,72,gray,ball,2,190,2,58
205,forretress,204,102,30,12,1258,purple,ball,2,75,2,163
206,dunsparce,,103,30,15,140,yellow,squiggle,1,190,2,145
207,gligar,,104,20,11,648,purple,wings,4,60,4,86
208,steelix,95,41,20,92,4000,gray,squiggle,1,25,2,179
209,snubbull,,105,21,6,78,pink,humanoid,8,190,3,60
210,granbull,209,105,26,14,487,purple,upright,8,75,3,158
211,qwilfish,,106,25,5,39,gray,fish,7,45,2,88
212,scizor,123,58,30,18,1180,red,bug-wings,3,25,2,175
213,shuckle,,107,,6,205,yellow,armor,4,190,4,177
214,heracross,,108,28,15,540,blue,humanoid,2,45,1,175
215,sneasel,,109,,9,280,black,upright,2,60,4,86
216,teddiursa,,110,,6,88,brown,upright,4,120,2,66
217,ursaring,216,110,,18,1258,brown,upright,4,60,2,175
218,slugma,,111,38,7,350,red,squiggle,4,190,2,50
219,magcargo,218,111,34,8,550,red,squiggle,4,75,2,151
220,swinub,,112,33,4,65,brown,quadruped,1,225,1,50
221,piloswine,220,112,24,11,558,brown,quadruped,1,75,1,158
222,corsola,,113,48,6,50,pink,armor,7,60,3,144
223,remoraid,,114,,6,120,gray,fish,7,190,2,60
224,octillery,223,114,34,9,285,red,tentacles,7,75,2,168
225,delibird,,115,40,9,160,red,wings,4,45,3,116
226,mantine,458,116,37,21,2200,purple,wings,7,25,1,170
227,skarmory,,117,31,17,505,gray,wings,6,25,1,163
228,houndour,,118,40,6,108,black,quadruped,6,120,1,66
229,houndoom,228,118,,14,350,black,quadruped,6,45,1,175
230,kingdra,117,54,,18,1520,blue,blob,7,45,2,243
231,phanpy,,119,,5,335,blue,quadruped,6,120,2,66
232,donphan,231,119,,11,1200,gray,quadruped,6,60,2,175
233,porygon2,137,68,,6,325,red,legs,8,45,2,180
234,stantler,,120,,14,712,brown,quadruped,2,45,1,163
235,smeargle,,121,,12,580,white,upright,8,45,3,88
236,tyrogue,,47,,7,210,purple,humanoid,8,75,2,42
237,hitmontop,236,47,,14,480,brown,upright,8,45,2,159
238,smoochum,,59,,4,60,pink,humanoid,8,45,2,61
239,elekid,,60,,6,235,yellow,humanoid,3,45,2,72
240,magby,,61,,7,214,red,upright,4,45,2,73
241,miltank,,122,,12,755,pink,upright,3,45,1,172
242,blissey,113,51,,15,468,pink,humanoid,8,30,3,608
243,raikou,,123,,19,1780,yellow,quadruped,3,3,1,261
244,entei,,124,,21,1980,brown,quadruped,3,3,1,261
245,suicune,,125,,20,1870,blue,quadruped,3,3,1,261
246,larvitar,,126,,6,720,green,upright,4,45,1,60
247,pupitar,246,126,17,12,1520,gray,squiggle,4,45,1,144
248,tyranitar,247,126,36,20,2020,green,upright,4,45,1,270
249,lugia,,127,17,52,2160,white,wings,5,3,1,306
250,ho-oh,,128,36,38,1990,red,wings,5,3,1,306
251,celebi,,129,17,6,50,green,humanoid,2,45,4,270
252,treecko,,130,36,5,50,green,upright,2,45,4,62
253,grovyle,252,130,20,9,216,green,upright,2,45,4,142
254,sceptile,253,130,16,17,522,green,upright,2,45,4,239
255,torchic,,131,32,4,25,red,legs,3,45,4,62
256,combusken,255,131,20,9,195,red,upright,3,45,4,142
257,blaziken,256,131,,19,520,red,upright,3,45,4,239
258,mudkip,,132,,4,76,blue,quadruped,9,45,4,62
259,marshtomp,258,132,,7,280,blue,upright,9,45,4,142
260,swampert,259,132,,15,819,blue,upright,9,45,4,241
261,poochyena,,133,21,5,136,gray,quadruped,3,255,2,56
262,mightyena,261,133,32,10,370,gray,quadruped,3,127,2,147
263,zigzagoon,,134,27,4,175,brown,quadruped,3,255,2,56
264,linoone,263,134,25,5,325,white,quadruped,3,90,2,147
265,wurmple,,135,,3,36,red,armor,2,255,2,56
266,silcoon,265,135,,6,100,white,ball,2,120,2,72
267,beautifly,266,135,31,10,284,yellow,bug-wings,2,45,2,178
268,cascoon,265,135,25,7,115,purple,ball,2,120,2,72
269,dustox,268,135,,12,316,green,bug-wings,2,45,2,173
270,lotad,,136,25,5,26,green,armor,9,255,4,44
271,lombre,270,136,36,12,325,green,humanoid,9,120,4,119
272,ludicolo,271,136,20,15,550,green,humanoid,9,45,4,216
273,seedot,,137,,5,40,brown,legs,2,255,4,44
274,nuzleaf,273,137,22,10,280,brown,humanoid,2,120,4,119
275,shiftry,274,137,30,13,596,brown,humanoid,2,45,4,216
276,taillow,,138,,3,23,blue,wings,3,200,4,54
277,swellow,276,138,,7,198,blue,wings,3,45,4,159
278,wingull,,139,29,6,95,white,wings,7,190,2,54
279,pelipper,278,139,40,12,280,yellow,wings,7,45,2,154
280,ralts,,140,35,4,66,white,humanoid,8,235,1,40
281,kirlia,280,140,34,8,202,white,humanoid,8,120,1,97
282,gardevoir,281,140,39,16,484,white,humanoid,8,45,1,233
283,surskit,,141,34,5,17,blue,armor,9,200,2,54
284,masquerain,283,141,37,8,36,blue,bug-wings,9,75,2,159
285,shroomish,,142,37,4,45,brown,legs,2,255,6,59
286,breloom,285,142,36,12,392,green,upright,2,90,6,161
287,slakoth,,143,30,8,240,brown,quadruped,2,255,1,56
288,vigoroth,287,143,,14,465,white,upright,2,120,1,154
289,slaking,288,143,32,20,1305,brown,humanoid,2,45,1,252
290,nincada,,144,41,5,55,gray,armor,2,255,5,53
291,ninjask,290,144,32,8,120,yellow,bug-wings,2,120,5,160
292,shedinja,290,144,41,8,12,brown,blob,2,45,5,83
293,whismur,,145,35,6,163,pink,upright,1,190,4,48
294,loudred,293,145,35,10,405,blue,upright,1,120,4,126
295,exploud,294,145,47,15,840,blue,upright,1,45,4,221
296,makuhita,,146,34,10,864,yellow,humanoid,4,180,6,47
297,hariyama,296,146,,23,2538,brown,humanoid,4,200,6,166
298,azurill,,90,39,2,20,blue,legs,9,150,3,38
299,nosepass,,147,40,10,970,gray,humanoid,1,255,2,75
300,skitty,,148,36,6,110,pink,quadruped,2,255,3,52
301,delcatty,300,148,40,11,326,purple,quadruped,2,60,3,140
302,sableye,,149,38,5,110,purple,humanoid,1,45,4,133
303,mawile,,150,49,6,115,black,humanoid,1,45,3,133
304,aron,,151,39,4,600,gray,quadruped,4,180,1,66
305,lairon,304,151,,9,1200,gray,quadruped,4,90,1,151
306,aggron,305,151,42,21,3600,gray,upright,4,45,1,239
307,meditite,,152,41,6,112,blue,humanoid,4,180,2,56
308,medicham,307,152,,13,315,red,humanoid,4,90,2,144
309,electrike,,153,38,6,152,green,quadruped,3,120,1,59
310,manectric,309,153,48,15,402,yellow,quadruped,3,45,1,166
311,plusle,,154,37,4,42,yellow,upright,3,200,2,142
312,minun,,155,,4,42,yellow,upright,3,200,2,142
313,volbeat,,156,50,7,177,gray,upright,2,150,5,151
314,illumise,,157,43,6,177,purple,humanoid,2,150,6,151
315,roselia,406,158,52,3,20,green,humanoid,3,150,4,140
316,gulpin,,159,54,4,103,green,arms,3,225,6,60
317,swalot,316,159,54,17,800,purple,arms,3,75,6,163
318,carvanha,,160,50,8,208,red,fish,7,225,1,61
319,sharpedo,318,160,64,18,888,blue,fish,7,60,1,161
320,wailmer,,161,59,20,1300,blue,fish,7,125,6,80
321,wailord,320,161,,145,3980,blue,fish,7,60,6,175
322,numel,,162,,7,240,yellow,quadruped,4,255,2,61
323,camerupt,322,162,,19,2200,red,quadruped,4,150,2,161
324,torkoal,,163,,5,804,brown,quadruped,4,90,2,165
325,spoink,,164,,7,306,black,arms,4,255,3,66
326,grumpig,325,164,,9,715,purple,upright,4,60,3,165
327,spinda,,165,17,11,50,brown,upright,4,255,3,126
328,trapinch,,166,,7,150,brown,armor,6,255,4,58
329,vibrava,328,166,35,11,153,green,bug-wings,6,120,4,119
330,flygon,329,166,16,20,820,green,wings,6,45,4,234
331,cacnea,,167,30,4,513,green,humanoid,6,190,4,67
332,cacturne,331,167,36,13,774,green,humanoid,6,60,4,166
333,swablu,,168,16,4,12,blue,wings,2,255,5,62
334,altaria,333,168,37,11,206,blue,wings,2,45,5,172
335,zangoose,,169,36,13,403,white,upright,3,90,5,160
336,seviper,,170,16,27,525,black,squiggle,3,90,6,160
337,lunatone,,171,36,10,1680,yellow,ball,1,45,3,161
338,solrock,,172,35,12,1540,red,ball,1,45,3,161
339,barboach,,173,40,4,19,gray,fish,9,190,2,58
340,whiscash,339,173,12,9,236,blue,fish,9,75,2,164
341,corphish,,174,9,6,115,red,armor,9,205,6,62
342,crawdaunt,341,174,39,11,328,red,armor,9,155,6,164
343,baltoy,,175,,5,215,brown,arms,6,255,2,60
344,claydol,343,175,20,15,1080,black,arms,6,90,2,175
345,lileep,,176,19,10,238,purple,blob,7,45,5,71
346,cradily,345,176,,15,604,green,blob,7,45,5,173
347,anorith,,177,,7,125,gray,armor,9,45,5,71
348,armaldo,347,177,32,15,682,gray,upright,9,45,5,173
349,feebas,,178,,6,74,brown,fish,9,255,5,40
350,milotic,349,178,48,62,1620,pink,squiggle,9,60,5,189
351,castform,,179,39,3,8,gray,ball,3,45,2,147
352,kecleon,,180,39,10,220,green,upright,2,200,4,154
353,shuppet,,181,37,6,23,black,ball,8,225,3,59
354,banette,353,181,,11,125,black,upright,8,45,3,159
355,duskull,,182,35,8,150,black,arms,2,190,3,59
356,dusclops,355,182,32,16,306,black,humanoid,2,90,3,159
357,tropius,,183,50,20,1000,green,quadruped,2,200,1,161
358,chimecho,433,184,48,6,10,blue,arms,3,45,3,159
359,absol,,185,25,12,470,white,quadruped,4,30,4,163
360,wynaut,,100,,6,140,blue,upright,1,125,2,52
361,snorunt,,186,,7,168,gray,humanoid,1,190,2,60
362,glalie,361,186,,15,2565,gray,ball,1,75,2,168
363,spheal,,187,,8,395,blue,fish,7,255,4,58
364,sealeo,363,187,,11,876,blue,fish,7,120,4,144
365,walrein,364,187,,14,1506,blue,quadruped,7,45,4,239
366,clamperl,,188,28,4,525,blue,ball,7,255,5,69
367,huntail,366,188,,17,270,blue,squiggle,7,60,5,170
368,gorebyss,366,188,,18,226,pink,squiggle,7,60,5,170
369,relicanth,,189,,10,234,gray,fish,7,25,1,170
370,luvdisc,,190,,6,87,pink,fish,7,225,3,116
371,bagon,,191,25,6,421,blue,humanoid,6,45,1,60
372,shelgon,371,191,17,11,1105,white,quadruped,6,45,1,147
373,salamence,372,191,34,15,1026,blue,quadruped,6,45,1,270
374,beldum,,192,17,6,952,blue,blob,6,3,1,60
375,metang,374,192,34,12,2025,blue,arms,6,3,1,147
376,metagross,375,192,17,16,5500,blue,heads,6,3,1,270
377,regirock,,193,34,17,2300,brown,humanoid,1,3,1,261
378,regice,,194,14,18,1750,blue,humanoid,1,3,1,261
379,registeel,,195,28,19,2050,gray,humanoid,1,3,1,261
380,latias,,196,20,14,400,red,wings,9,3,1,270
381,latios,,197,20,20,600,blue,wings,9,3,1,270
382,kyogre,,198,,45,3520,blue,fish,7,3,1,302
383,groudon,,199,,35,9500,red,upright,6,3,1,302
384,rayquaza,,200,25,70,2065,green,squiggle,5,45,1,306
385,jirachi,,201,25,3,11,yellow,humanoid,4,3,1,270
386,deoxys,,202,25,17,608,red,humanoid,5,3,1,270
387,turtwig,,203,38,4,102,green,quadruped,,45,4,64
388,grotle,387,203,30,11,970,green,quadruped,,45,4,142
389,torterra,388,203,22,22,3100,green,quadruped,,45,4,236
390,chimchar,,204,34,5,62,brown,upright,,45,4,62
391,monferno,390,204,24,9,220,brown,upright,,45,4,142
392,infernape,391,204,33,12,550,brown,upright,,45,4,240
393,piplup,,205,27,4,52,blue,humanoid,,45,4,63
394,prinplup,393,205,18,8,230,blue,upright,,45,4,142
395,empoleon,394,205,,17,845,blue,upright,,45,4,239
396,starly,,206,30,3,20,brown,wings,,255,4,49
397,staravia,396,206,42,6,155,brown,wings,,120,4,119
398,staraptor,397,206,,12,249,brown,wings,,45,4,218
399,bidoof,,207,35,5,200,brown,quadruped,,255,2,50
400,bibarel,399,207,45,10,315,brown,upright,,127,2,144
401,kricketot,,208,43,3,22,red,humanoid,,255,4,39
402,kricketune,401,208,53,10,255,red,bug-wings,,45,4,134
403,shinx,,209,53,5,95,blue,quadruped,,235,4,53
404,luxio,403,209,,9,305,blue,quadruped,,120,4,127
405,luxray,404,209,,14,420,blue,quadruped,,45,4,235
406,budew,,158,,2,12,green,humanoid,,255,4,56
407,roserade,315,158,,9,145,green,humanoid,,75,4,232
408,cranidos,,211,,9,315,blue,upright,,45,5,70
409,rampardos,408,211,,16,1025,blue,upright,,45,5,173
410,shieldon,,212,,5,570,gray,quadruped,,45,5,70
411,bastiodon,410,212,,13,1495,gray,quadruped,,45,5,173
412,burmy,,213,,2,34,green,blob,,120,2,45
413,wormadam,412,213,,5,65,green,blob,,45,2,148
414,mothim,412,213,,9,233,yellow,bug-wings,,45,2,148
415,combee,,214,,3,55,yellow,heads,,120,4,49
416,vespiquen,415,214,,12,385,yellow,bug-wings,,45,4,166
417,pachirisu,,215,,4,39,white,quadruped,,200,2,142
418,buizel,,216,,7,295,brown,quadruped,,190,2,66
419,floatzel,418,216,,11,335,brown,quadruped,,75,2,173
420,cherubi,,217,,4,33,pink,heads,,190,2,55
421,cherrim,420,217,,5,93,purple,legs,,75,2,158
422,shellos,,218,,3,63,purple,squiggle,,190,2,65
423,gastrodon,422,218,,9,299,purple,squiggle,,75,2,166
424,ambipom,190,93,,12,203,purple,upright,,45,3,169
425,drifloon,,219,,4,12,purple,arms,,125,6,70
426,drifblim,425,219,,12,150,purple,arms,,60,6,174
427,buneary,,220,,4,55,brown,upright,,190,2,70
428,lopunny,427,220,,12,333,brown,upright,,60,2,168
429,mismagius,200,98,,9,44,purple,ball,,45,3,173
430,honchkrow,198,97,,9,273,black,wings,,30,4,177
431,glameow,,221,,5,39,gray,quadruped,,190,3,62
432,purugly,431,221,,10,438,gray,quadruped,,75,3,158
433,chingling,,184,,2,6,yellow,humanoid,,120,3,57
434,stunky,,223,,4,192,purple,quadruped,,225,2,66
435,skuntank,434,223,,10,380,purple,quadruped,,60,2,168
436,bronzor,,224,,5,605,green,ball,,255,2,60
437,bronzong,436,224,,13,1870,green,arms,,90,2,175
438,bonsly,,91,,5,150,brown,legs,,255,2,58
439,mime-jr,,57,,6,130,pink,humanoid,,145,2,62
440,happiny,,51,,6,244,pink,humanoid,,130,3,110
441,chatot,,228,,5,19,black,wings,,30,4,144
442,spiritomb,,229,,10,1080,purple,blob,,100,2,170
443,gible,,230,,7,205,blue,upright,,45,1,60
444,gabite,443,230,,14,560,blue,upright,,45,1,144
445,garchomp,444,230,,19,950,blue,upright,,45,1,270
446,munchlax,,72,,6,1050,black,humanoid,,50,1,78
447,riolu,,232,,7,202,blue,upright,,75,4,57
448,lucario,447,232,,12,540,blue,upright,,45,4,184
449,hippopotas,,233,,8,495,brown,quadruped,,140,1,66
450,hippowdon,449,233,,20,3000,brown,quadruped,,60,1,184
451,skorupi,,234,,8,120,purple,armor,,120,1,66
452,drapion,451,234,,13,615,purple,armor,,45,1,175
453,croagunk,,235,,7,230,blue,humanoid,,140,2,60
454,toxicroak,453,235,,13,444,blue,humanoid,,75,2,172
455,carnivine,,236,,14,270,green,tentacles,,200,1,159
456,finneon,,237,,4,70,blue,fish,,190,5,66
457,lumineon,456,237,,12,240,blue,fish,,75,5,161
458,mantyke,,116,,10,650,blue,wings,,25,1,69
459,snover,,239,,10,505,white,upright,,120,1,67
460,abomasnow,459,239,,22,1355,white,upright,,60,1,173
461,weavile,215,109,,11,340,black,upright,,45,4,179
462,magnezone,82,34,,12,1800,gray,arms,,30,2,241
463,lickilicky,108,48,,17,1400,pink,humanoid,,30,2,180
464,rhyperior,112,50,,24,2828,gray,upright,,30,1,241
465,tangrowth,114,52,,20,1286,blue,humanoid,,30,2,187
466,electivire,125,60,,18,1386,yellow,upright,,30,2,243
467,magmortar,126,61,,16,680,red,upright,,30,2,243
468,togekiss,176,87,,15,380,white,wings,,30,3,245
469,yanmega,193,95,,19,515,green,bug-wings,,30,2,180
470,leafeon,133,67,,10,255,green,quadruped,,45,2,184
471,glaceon,133,67,,8,259,blue,quadruped,,45,2,184
472,gliscor,207,104,,20,425,purple,wings,,30,4,179
473,mamoswine,221,112,,25,2910,brown,quadruped,,50,1,239
474,porygon-z,233,68,,9,340,red,arms,,30,2,241
475,gallade,281,140,,16,520,white,humanoid,,45,1,233
476,probopass,299,147,,14,3400,gray,heads,,60,2,184
477,dusknoir,356,182,,22,1066,black,arms,,45,3,236
478,froslass,361,186,,13,266,white,arms,,75,2,168
479,rotom,,240,,3,3,red,ball,,45,2,154
480,uxie,,241,,3,3,yellow,upright,,3,1,261
481,mesprit,,242,,3,3,pink,upright,,3,1,261
482,azelf,,243,,3,3,blue,upright,,3,1,261
483,dialga,,244,,54,6830,white,quadruped,,3,1,306
484,palkia,,245,,42,3360,purple,upright,,3,1,306
485,heatran,,246,,17,4300,brown,quadruped,,3,1,270
486,regigigas,,247,,37,4200,white,humanoid,,3,1,302
487,giratina,,248,,45,7500,black,tentacles,,3,1,306
488,cresselia,,249,,15,856,yellow,squiggle,,3,1,270
489,phione,,250,,4,31,blue,arms,,30,1,216
490,manaphy,,250,,3,14,blue,humanoid,,3,1,270
491,darkrai,,252,,15,505,black,humanoid,,3,1,270
492,shaymin,,253,,2,21,green,quadruped,,45,4,270
493,arceus,,254,,32,3200,white,quadruped,,3,1,324
494,victini,,255,,4,40,yellow,humanoid,,3,1,270
495,snivy,,256,,6,81,green,upright,,45,4,62
496,servine,495,256,,8,160,green,upright,,45,4,145
497,serperior,496,256,,33,630,green,squiggle,,45,4,238
498,tepig,,257,,5,99,red,quadruped,,45,4,62
499,pignite,498,257,,10,555,red,upright,,45,4,146
500,emboar,499,257,,16,1500,red,upright,,45,4,238
501,oshawott,,258,,5,59,blue,upright,,45,4,62
502,dewott,501,258,,8,245,blue,upright,,45,4,145
503,samurott,502,258,,15,946,blue,quadruped,,45,4,238
504,patrat,,259,,5,116,brown,quadruped,,255,2,51
505,watchog,504,259,,11,270,brown,upright,,255,2,147
506,lillipup,,260,,4,41,brown,quadruped,,255,4,55
507,herdier,506,260,,9,147,gray,quadruped,,120,4,130
508,stoutland,507,260,,12,610,gray,quadruped,,45,4,225
509,purrloin,,261,,4,101,purple,quadruped,,255,2,56
510,liepard,509,261,,11,375,purple,quadruped,,90,2,156
511,pansage,,262,,6,105,green,upright,,190,2,63
512,simisage,511,262,,11,305,green,upright,,75,2,174
513,pansear,,263,,6,110,red,upright,,190,2,63
514,simisear,513,263,,10,280,red,upright,,75,2,174
515,panpour,,264,,6,135,blue,upright,,190,2,63
516,simipour,515,264,,10,290,blue,upright,,75,2,174
517,munna,,265,,6,233,pink,quadruped,,190,3,58
518,musharna,517,265,,11,605,pink,humanoid,,75,3,170
519,pidove,,266,,3,21,gray,wings,,255,4,53
520,tranquill,519,266,,6,150,gray,wings,,120,4,125
521,unfezant,520,266,,12,290,gray,wings,,45,4,220
522,blitzle,,267,,8,298,black,quadruped,,190,2,59
523,zebstrika,522,267,,16,795,black,quadruped,,75,2,174
524,roggenrola,,268,,4,180,blue,legs,,255,4,56
525,boldore,524,268,,9,1020,blue,tentacles,,120,4,137
526,gigalith,525,268,,17,2600,blue,tentacles,,45,4,232
527,woobat,,269,,4,21,blue,wings,,190,2,65
528,swoobat,527,269,,9,105,blue,wings,,45,2,149
529,drilbur,,270,,3,85,gray,upright,,120,2,66
530,excadrill,529,270,,7,404,gray,humanoid,,60,2,178
531,audino,,271,,11,310,pink,upright,,255,3,390
532,timburr,,272,,6,125,gray,humanoid,,180,4,61
533,gurdurr,532,272,,12,400,gray,humanoid,,90,4,142
534,conkeldurr,533,272,,14,870,brown,humanoid,,45,4,227
535,tympole,,273,,5,45,blue,fish,,255,4,59
536,palpitoad,535,273,,8,170,blue,upright,,120,4,134
537,seismitoad,536,273,,15,620,blue,humanoid,,45,4,229
538,throh,,274,,13,555,red,humanoid,,45,2,163
539,sawk,,275,,14,510,blue,humanoid,,45,2,163
540,sewaddle,,276,,3,25,yellow,armor,,255,4,62
541,swadloon,540,276,,5,73,green,arms,,120,4,133
542,leavanny,541,276,,12,205,yellow,humanoid,,45,4,225
543,venipede,,277,,4,53,red,armor,,255,4,52
544,whirlipede,543,277,,12,585,gray,ball,,120,4,126
545,scolipede,544,277,,25,2005,red,armor,,45,4,218
546,cottonee,,278,,3,6,green,ball,,190,2,56
547,whimsicott,546,278,,7,66,green,humanoid,,75,2,168
548,petilil,,279,,5,66,green,blob,,190,2,56
549,lilligant,548,279,,11,163,green,blob,,75,2,168
550,basculin,,280,,10,180,green,fish,,25,2,161
551,sandile,,281,,7,152,brown,quadruped,,180,4,58
552,krokorok,551,281,,10,334,brown,quadruped,,90,4,123
553,krookodile,552,281,,15,963,red,upright,,45,4,234
554,darumaka,,282,,6,375,red,humanoid,,120,4,63
555,darmanitan,554,282,,13,929,red,quadruped,,60,4,168
556,maractus,,283,,10,280,green,blob,,255,2,161
557,dwebble,,284,,3,145,red,armor,,190,2,65
558,crustle,557,284,,14,2000,red,armor,,75,2,170
559,scraggy,,285,,6,118,yellow,upright,,180,2,70
560,scrafty,559,285,,11,300,red,upright,,90,2,171
561,sigilyph,,286,,14,140,black,wings,,45,2,172
562,yamask,,287,,5,15,black,arms,,190,2,61
563,cofagrigus,562,287,,17,765,yellow,blob,,90,2,169
564,tirtouga,,288,,7,165,blue,quadruped,,45,2,71
565,carracosta,564,288,,12,810,blue,upright,,45,2,173
566,archen,,289,,5,95,yellow,wings,,45,2,71
567,archeops,566,289,,14,320,yellow,wings,,45,2,177
568,trubbish,,290,,6,310,green,humanoid,,190,2,66
569,garbodor,568,290,,19,1073,green,humanoid,,60,2,166
570,zorua,,291,,7,125,gray,quadruped,,75,4,66
571,zoroark,570,291,,16,811,gray,upright,,45,4,179
572,minccino,,292,,4,58,gray,quadruped,,255,3,60
573,cinccino,572,292,,5,75,gray,quadruped,,60,3,165
574,gothita,,293,,4,58,purple,humanoid,,200,4,58
575,gothorita,574,293,,7,180,purple,humanoid,,100,4,137
576,gothitelle,575,293,,15,440,purple,humanoid,,50,4,221
577,solosis,,294,,3,10,green,ball,,200,4,58
578,duosion,577,294,,6,80,green,ball,,100,4,130
579,reuniclus,578,294,,10,201,green,arms,,50,4,221
580,ducklett,,295,,5,55,blue,wings,,190,2,61
581,swanna,580,295,,13,242,white,wings,,45,2,166
582,vanillite,,296,,4,57,white,blob,,255,1,61
583,vanillish,582,296,,11,410,white,blob,,120,1,138
584,vanilluxe,583,296,,13,575,white,heads,,45,1,241
585,deerling,,297,,6,195,pink,quadruped,,190,2,67
586,sawsbuck,585,297,,19,925,brown,quadruped,,75,2,166
587,emolga,,298,,4,50,white,quadruped,,200,2,150
588,karrablast,,299,,5,59,blue,humanoid,,200,2,63
589,escavalier,588,299,,10,330,gray,arms,,75,2,173
590,foongus,,300,,2,10,white,arms,,190,2,59
591,amoonguss,590,300,,6,105,white,arms,,75,2,162
592,frillish,,301,,12,330,white,tentacles,,190,2,67
593,jellicent,592,301,,22,1350,white,tentacles,,60,2,168
594,alomomola,,302,,12,316,pink,fish,,75,3,165
595,joltik,,303,,1,6,yellow,armor,,190,2,64
596,galvantula,595,303,,8,143,yellow,armor,,75,2,165
597,ferroseed,,304,,6,188,gray,ball,,255,2,61
598,ferrothorn,597,304,,10,1100,gray,tentacles,,90,2,171
599,klink,,305,,3,210,gray,heads,,130,4,60
600,klang,599,305,,6,510,gray,heads,,60,4,154
601,klinklang,600,305,,6,810,gray,heads,,30,4,234
602,tynamo,,306,,2,3,white,fish,,190,1,55
603,eelektrik,602,306,,12,220,blue,fish,,60,1,142
604,eelektross,603,306,,21,805,blue,fish,,30,1,232
605,elgyem,,307,,5,90,blue,upright,,255,2,67
606,beheeyem,605,307,,10,345,brown,humanoid,,90,2,170
607,litwick,,308,,3,31,white,blob,,190,4,55
608,lampent,607,308,,6,130,black,arms,,90,4,130
609,chandelure,608,308,,10,343,black,arms,,45,4,234
610,axew,,309,,6,180,green,upright,,75,1,64
611,fraxure,610,309,,10,360,green,upright,,60,1,144
612,haxorus,611,309,,18,1055,yellow,upright,,45,1,243
613,cubchoo,,310,,5,85,white,upright,,120,2,61
614,beartic,613,310,,26,2600,white,quadruped,,60,2,177
615,cryogonal,,311,,11,1480,blue,ball,,25,2,180
616,shelmet,,312,,4,77,red,ball,,200,2,61
617,accelgor,616,312,,8,253,red,arms,,75,2,173
618,stunfisk,,313,,7,110,brown,fish,,75,2,165
619,mienfoo,,314,,9,200,yellow,upright,,180,4,70
620,mienshao,619,314,,14,355,purple,upright,,45,4,179
621,druddigon,,315,,16,1390,red,upright,,45,2,170
622,golett,,316,,10,920,green,humanoid,,190,2,61
623,golurk,622,316,,28,3300,green,humanoid,,90,2,169
624,pawniard,,317,,5,102,red,humanoid,,120,2,68
625,bisharp,624,317,,16,700,red,humanoid,,45,2,172
626,bouffalant,,318,,16,946,brown,quadruped,,45,2,172
627,rufflet,,319,,5,105,white,wings,,190,1,70
628,braviary,627,319,,15,410,red,wings,,60,1,179
629,vullaby,,320,,5,90,brown,wings,,190,1,74
630,mandibuzz,629,320,,12,395,brown,wings,,60,1,179
631,heatmor,,321,,14,580,red,upright,,90,2,169
632,durant,,322,,3,330,gray,armor,,90,2,169
633,deino,,323,,8,173,blue,quadruped,,45,1,60
634,zweilous,633,323,,14,500,blue,quadruped,,45,1,147
635,hydreigon,634,323,,18,1600,blue,upright,,45,1,270
636,larvesta,,324,,11,288,white,armor,,45,1,72
637,volcarona,636,324,,16,460,white,bug-wings,,15,1,248
638,cobalion,,325,,21,2500,blue,quadruped,,3,1,261
639,terrakion,,326,,19,2600,gray,quadruped,,3,1,261
640,virizion,,327,,20,2000,green,quadruped,,3,1,261
641,tornadus,,328,,15,630,green,arms,,3,1,261
642,thundurus,,329,,15,610,blue,arms,,3,1,261
643,reshiram,,330,,32,3300,white,wings,,3,1,306
644,zekrom,,331,,29,3450,black,upright,,3,1,306
645,landorus,,332,,15,680,brown,arms,,3,1,270
646,kyurem,,333,,30,3250,gray,upright,,3,1,297
647,keldeo,,334,,14,485,yellow,quadruped,,3,1,261
648,meloetta,,335,,6,65,white,humanoid,,3,1,270
649,genesect,,336,,15,825,purple,humanoid,,3,1,270
650,chespin,,337,,4,90,green,upright,,45,4,63
651,quilladin,650,337,,7,290,green,upright,,45,4,142
652,chesnaught,651,337,,16,900,green,upright,,45,4,239
653,fennekin,,338,,4,94,red,quadruped,,45,4,61
654,braixen,653,338,,10,145,red,upright,,45,4,143
655,delphox,654,338,,15,390,red,upright,,45,4,240
656,froakie,,339,,3,70,blue,quadruped,,45,4,63
657,frogadier,656,339,,6,109,blue,humanoid,,45,4,142
658,greninja,657,339,,15,400,blue,humanoid,,45,4,239
659,bunnelby,,340,,4,50,brown,upright,,255,2,47
660,diggersby,659,340,,10,424,brown,upright,,127,2,148
661,fletchling,,341,,3,17,red,wings,,255,4,56
662,fletchinder,661,341,,7,160,red,wings,,120,4,134
663,talonflame,662,341,,12,245,red,wings,,45,4,175
664,scatterbug,,342,,3,25,black,armor,,255,2,40
665,spewpa,664,342,,3,84,black,blob,,120,2,75
666,vivillon,665,342,,12,170,white,bug-wings,,45,2,185
667,litleo,,343,,6,135,brown,quadruped,,220,4,74
668,pyroar,667,343,,15,815,brown,quadruped,,65,4,177
669,flabebe,,344,,1,1,white,arms,,225,2,61
670,floette,669,344,,2,9,white,arms,,120,2,130
671,florges,670,344,,11,100,white,arms,,45,2,248
672,skiddo,,345,,9,310,brown,quadruped,,200,2,70
673,gogoat,672,345,,17,910,brown,quadruped,,45,2,186
674,pancham,,346,,6,80,white,upright,,220,2,70
675,pangoro,674,346,,21,1360,white,humanoid,,65,2,173
676,furfrou,,347,,12,280,white,quadruped,,160,2,165
677,espurr,,348,,3,35,gray,upright,,190,2,71
678,meowstic,677,348,,6,85,blue,upright,,75,2,163
679,honedge,,349,,8,20,brown,blob,,180,2,65
680,doublade,679,349,,8,45,brown,heads,,90,2,157
681,aegislash,680,349,,17,530,brown,blob,,45,2,234
682,spritzee,,350,,2,5,pink,arms,,200,2,68
683,aromatisse,682,350,,8,155,pink,humanoid,,140,2,162
684,swirlix,,351,,4,35,white,legs,,200,2,68
685,slurpuff,684,351,,8,50,white,humanoid,,140,2,168
686,inkay,,352,,4,35,blue,tentacles,,190,2,58
687,malamar,686,352,,15,470,blue,blob,,80,2,169
688,binacle,,353,,5,310,brown,heads,,120,2,61
689,barbaracle,688,353,,13,960,brown,heads,,45,2,175
690,skrelp,,354,,5,73,brown,blob,,225,2,64
691,dragalge,690,354,,18,815,brown,blob,,55,2,173
692,clauncher,,355,,5,83,blue,armor,,225,1,66
693,clawitzer,692,355,,13,353,blue,squiggle,,55,1,100
694,helioptile,,356,,5,60,yellow,upright,,190,2,58
695,heliolisk,694,356,,10,210,yellow,upright,,75,2,168
696,tyrunt,,357,,8,260,brown,upright,,45,2,72
697,tyrantrum,696,357,,25,2700,red,upright,,45,2,182
698,amaura,,358,,13,252,blue,quadruped,,45,2,72
699,aurorus,698,358,,27,2250,blue,quadruped,,45,2,104
700,sylveon,133,67,,10,235,pink,quadruped,,45,2,184
701,hawlucha,,359,,8,215,green,humanoid,,100,2,175
702,dedenne,,360,,2,22,yellow,upright,,180,2,151
703,carbink,,361,,3,57,gray,ball,,60,1,100
704,goomy,,362,,3,28,purple,squiggle,,45,1,60
705,sliggoo,704,362,,8,175,purple,squiggle,,45,1,158
706,goodra,705,362,,20,1505,purple,upright,,45,1,270
707,klefki,,363,,2,30,gray,ball,,75,3,165
708,phantump,,364,,4,70,brown,arms,,120,2,62
709,trevenant,708,364,,15,710,brown,tentacles,,60,2,166
710,pumpkaboo,,365,,4,50,brown,ball,,120,2,67
711,gourgeist,710,365,,9,125,brown,blob,,60,2,173
712,bergmite,,366,,10,995,blue,quadruped,,190,2,61
713,avalugg,712,366,,20,5050,blue,quadruped,,55,2,180
714,noibat,,367,,5,80,purple,wings,,190,2,49
715,noivern,714,367,,15,850,purple,wings,,45,2,187
716,xerneas,,368,,30,2150,blue,quadruped,,45,1,306
717,yveltal,,369,,58,2030,red,wings,,45,1,306
718,zygarde,,370,,50,3050,green,squiggle,,3,1,270
719,diancie,,371,,7,88,pink,arms,,3,1,270
720,hoopa,,372,,5,90,purple,arms,,3,1,270
721,volcanion,,373,,17,1950,brown,quadruped,,3,1,270
722,rowlet,,374,,3,15,brown,wings,,45,4,64
723,dartrix,722,374,,7,160,brown,wings,,45,4,147
724,decidueye,723,374,,16,366,brown,wings,,45,4,239
725,litten,,375,,4,43,red,quadruped,,45,4,64
726,torracat,725,375,,7,250,red,quadruped,,45,4,147
727,incineroar,726,375,,18,830,red,upright,,45,4,239
728,popplio,,376,,4,75,blue,fish,,45,4,64
729,brionne,728,376,,6,175,blue,fish,,45,4,147
730,primarina,729,376,,18,440,blue,fish,,45,4,239
731,pikipek,,377,,3,12,black,wings,,255,2,53
732,trumbeak,731,377,,6,148,black,wings,,120,2,124
733,toucannon,732,377,,11,260,black,wings,,45,2,218
734,yungoos,,378,,4,60,brown,quadruped,,255,2,51
735,gumshoos,734,378,,7,142,brown,quadruped,,127,2,146
736,grubbin,,379,,4,44,gray,armor,,255,2,60
737,charjabug,736,379,,5,105,green,squiggle,,120,2,140
738,vikavolt,737,379,,15,450,blue,armor,,45,2,225
739,crabrawler,,380,,6,70,purple,armor,,225,2,68
740,crabominable,739,380,,17,1800,white,armor,,60,2,167
741,oricorio,,381,,6,34,red,wings,,45,2,167
742,cutiefly,,382,,1,2,yellow,armor,,190,2,61
743,ribombee,742,382,,2,5,yellow,bug-wings,,75,2,162
744,rockruff,,383,,5,92,brown,quadruped,,190,2,56
745,lycanroc,744,383,,8,250,brown,quadruped,,90,2,170
746,wishiwashi,,384,,2,3,blue,fish,,60,3,61
747,mareanie,,385,,4,80,blue,blob,,190,2,61
748,toxapex,747,385,,7,145,blue,tentacles,,75,2,173
749,mudbray,,386,,10,1100,brown,quadruped,,190,2,77
750,mudsdale,749,386,,25,9200,brown,quadruped,,60,2,175
751,dewpider,,387,,3,40,green,legs,,200,2,54
752,araquanid,751,387,,18,820,green,armor,,100,2,159
753,fomantis,,388,,3,15,pink,upright,,190,2,50
754,lurantis,753,388,,9,185,pink,humanoid,,75,2,168
755,morelull,,389,,2,15,purple,blob,,190,2,57
756,shiinotic,755,389,,10,115,purple,humanoid,,75,2,142
757,salandit,,390,,6,48,black,quadruped,,120,2,64
758,salazzle,757,390,,12,222,black,quadruped,,45,2,168
759,stufful,,391,,5,68,pink,quadruped,,140,2,68
760,bewear,759,391,,21,1350,pink,upright,,70,2,175
761,bounsweet,,392,,3,32,purple,legs,,235,4,42
762,steenee,761,392,,7,82,purple,humanoid,,120,4,102
763,tsareena,762,392,,12,214,purple,humanoid,,45,4,230
764,comfey,,393,,1,3,green,ball,,60,3,170
765,oranguru,,394,,15,760,white,humanoid,,45,1,172
766,passimian,,395,,20,828,white,upright,,45,1,172
767,wimpod,,396,,5,120,gray,tentacles,,90,2,46
768,golisopod,767,396,,20,1080,gray,humanoid,,45,2,186
769,sandygast,,397,,5,700,brown,squiggle,,140,2,64
770,palossand,769,397,,13,2500,brown,squiggle,,60,2,168
771,pyukumuku,,398,,3,12,black,squiggle,,60,3,144
772,type-null,,399,,19,1205,gray,quadruped,,3,1,107
773,silvally,772,399,,23,1005,gray,quadruped,,3,1,257
774,minior,,400,,3,400,brown,ball,,30,4,154
775,komala,,401,,4,199,blue,humanoid,,45,1,168
776,turtonator,,402,,20,2120,red,upright,,70,2,170
777,togedemaru,,403,,3,33,gray,upright,,180,2,152
778,mimikyu,,404,,2,7,yellow,squiggle,,45,2,167
779,bruxish,,405,,9,190,pink,fish,,80,2,166
780,drampa,,406,,30,1850,white,squiggle,,70,2,170
781,dhelmise,,407,,39,2100,green,blob,,25,2,181
782,jangmo-o,,408,,6,297,gray,quadruped,,45,1,60
783,hakamo-o,782,408,,12,470,gray,upright,,45,1,147
784,kommo-o,783,408,,16,782,gray,upright,,45,1,270
785,tapu-koko,,409,,18,205,yellow,arms,,3,1,257
786,tapu-lele,,410,,12,186,pink,arms,,3,1,257
787,tapu-bulu,,411,,19,455,red,arms,,3,1,257
788,tapu-fini,,412,,13,212,purple,arms,,3,1,257
789,cosmog,,413,,2,1,blue,ball,,45,1,40
790,cosmoem,789,413,,1,9999,blue,ball,,45,1,140
791,solgaleo,790,413,,34,2300,white,quadruped,,45,1,306
792,lunala,790,413,,40,1200,purple,wings,,45,1,306
793,nihilego,,414,,12,555,white,tentacles,,45,1,257
794,buzzwole,,415,,24,3336,red,tentacles,,45,1,257
795,pheromosa,,416,,18,250,white,humanoid,,45,1,257
796,xurkitree,,417,,38,1000,black,upright,,45,1,257
797,celesteela,,418,,92,9999,green,humanoid,,45,1,257
798,kartana,,419,,3,1,white,humanoid,,45,1,257
799,guzzlord,,420,,55,8880,black,upright,,45,1,257
800,necrozma,,421,,24,2300,black,arms,,255,1,270
801,magearna,,422,,10,805,gray,humanoid,,3,1,270
802,marshadow,,423,,7,222,gray,humanoid,,3,1,270
803,poipole,,424,,6,18,purple,upright,,45,1,189
804,naganadel,803,424,,36,1500,purple,wings,,45,1,243
805,stakataka,,425,,55,8200,gray,quadruped,,30,1,257
806,blacephalon,,426,,18,130,white,humanoid,,30,1,257
807,zeraora,,427,,15,445,yellow,humanoid,,3,1,270
